category,page,title,type,size,url
Syllabus,syllabus.html,"FYBCom, SYBCom, TYBCom Syllabus",PDF,1668 KB,https://faclibrary.weebly.com/uploads/6/2/3/3/62333815/fybcom_sybcom_tybcom_syllabus.pdf
Syllabus,syllabus.html,FY BA Sociology Syllabus,PDF,592 KB,https://faclibrary.weebly.com/uploads/6/2/3/3/62333815/fy_ba_sociology_syllabus.pdf
Syllabus,syllabus.html,FYBA English General and Honours Syllabus,PDF,620 KB,https://faclibrary.weebly.com/uploads/6/2/3/3/62333815/fyba_english_general_and_honours_syllabus.pdf
Syllabus,syllabus.html,FYBA / SYBA Konkani Syllabus,PDF,1240 KB,https://faclibrary.weebly.com/uploads/6/2/3/3/62333815/f.y.b.a.s.y.b.a.konkani_syllabus_.pdf
Syllabus,syllabus.html,FYBA Konkani Syllabus,PDF,965 KB,https://faclibrary.weebly.com/uploads/6/2/3/3/62333815/fyba_konkani_syllabus.pdf
Syllabus,syllabus.html,FYBA Hindi Syllabus,PDF,1254 KB,https://faclibrary.weebly.com/uploads/6/2/3/3/62333815/fyba_hindi_syllabus.pdf
Syllabus,syllabus.html,BA Honours in History Syllabus,PDF,891 KB,https://faclibrary.weebly.com/uploads/6/2/3/3/62333815/ba_honours_in_history_syllabus.pdf
Syllabus,syllabus.html,FYBA Political Science Syllabus,PDF,680 KB,https://faclibrary.weebly.com/uploads/6/2/3/3/62333815/fyba_political_science_syllabus.pdf
Syllabus,syllabus.html,BA Economics FY SY TY Syllabus,PDF,514 KB,https://faclibrary.weebly.com/uploads/6/2/3/3/62333815/ba_economics_fy_sy_ty_syllabus.pdf
Syllabus,syllabus.html,BA BCom Environmental Studies,PDF,696 KB,https://faclibrary.weebly.com/uploads/6/2/3/3/62333815/ba_bcom_environmental_studies.pdf
Syllabus,syllabus.html,SYBA Sociology Syllabus,PDF,129 KB,https://faclibrary.weebly.com/uploads/6/2/3/3/62333815/s.y.b.a._sociology_syllabus.pdf
Syllabus,syllabus.html,BA Economics Syllabus Under CBCS,PDF,703 KB,https://faclibrary.weebly.com/uploads/6/2/3/3/62333815/b.a.economics_syllabus_under_cbcs_.pdf
Syllabus,syllabus.html,SYBA Hindi Syllabus,PDF,514 KB,https://faclibrary.weebly.com/uploads/6/2/3/3/62333815/syba_hindi_syllabus.pdf
Syllabus,syllabus.html,BCom Semester I Syllabus,PDF,672 KB,https://faclibrary.weebly.com/uploads/6/2/3/3/62333815/bcom_sem_i_syllabus.compressed.pdf
Syllabus,syllabus.html,BA Semester I Syllabus,PDF,2461 KB,https://faclibrary.weebly.com/uploads/6/2/3/3/62333815/ba_sem_i_syllabus.compressed.pdf
Syllabus,syllabus.html,BCom Semester II Syllabus,PDF,618 KB,https://faclibrary.weebly.com/uploads/6/2/3/3/62333815/bcom_sem_ii_syllabus.compressed.pdf
Syllabus,syllabus.html,BA Semester II Syllabus,PDF,2427 KB,https://faclibrary.weebly.com/uploads/6/2/3/3/62333815/ba_sem_ii_syllabus.compressed.pdf
Syllabus,syllabus.html,BCA Semester I Syllabus,PDF,558 KB,https://faclibrary.weebly.com/uploads/6/2/3/3/62333815/bca_sem_i_syllabus.compressed.pdf
Syllabus,syllabus.html,BCA Semester II Syllabus,PDF,500 KB,https://faclibrary.weebly.com/uploads/6/2/3/3/62333815/bca_sem_ii_syllabus.compressed.pdf
Old Syllabus,old-syllabus.html,TYBA Sociology Syllabus,PDF,6401 KB,https://faclibrary.weebly.com/uploads/6/2/3/3/62333815/tyba_sociology_syllabus.pdf
Holdings,about-library.html,Library Holding and Facilities,PDF,3555 KB,https://faclibrary.weebly.com/uploads/6/2/3/3/62333815/library_holding_and_facilites.compressed.pdf
Holdings,about-library.html,Library Holdings 2024-25,PDF,139 KB,https://faclibrary.weebly.com/uploads/6/2/3/3/62333815/library_holdings_2024-25.pdf
Reports,library-report.html,2017-18 Library Report Final,DOCX,33 KB,https://faclibrary.weebly.com/uploads/6/2/3/3/62333815/2017-18_library_report_final.docx
Reports,library-report.html,2019-20 Library Report Final,PDF,1716 KB,https://faclibrary.weebly.com/uploads/6/2/3/3/62333815/2019-20_library_report_final.pdf
Reports,library-report.html,Library Report 2020-2021,DOCX,2855 KB,https://faclibrary.weebly.com/uploads/6/2/3/3/62333815/library_report_2020-2021.docx
Reports,library-report.html,2016-17 Library Report,DOCX,34 KB,https://faclibrary.weebly.com/uploads/6/2/3/3/62333815/2016-17_library_report.docx
Reports,library-report.html,Library Report 2018-19,PDF,414 KB,https://faclibrary.weebly.com/uploads/6/2/3/3/62333815/library_report_2018-19.pdf
Reports,library-report.html,Library Report 2021-22,DOCX,4600 KB,https://faclibrary.weebly.com/uploads/6/2/3/3/62333815/library_report_2021-22.docx
NEP Sample Papers,nep-sample-paper-for-fy-ba-bcom-bca.html,BA Economics Question Paper Pattern,PDF,821 KB,https://faclibrary.weebly.com/uploads/6/2/3/3/62333815/question_papaer_pattern_-_b.a._economics.pdf
NEP Sample Papers,nep-sample-paper-for-fy-ba-bcom-bca.html,BA Konkani Question Paper Pattern,PDF,1358 KB,https://faclibrary.weebly.com/uploads/6/2/3/3/62333815/question_paper_patter_-_ba_konkani.pdf
NEP Sample Papers,nep-sample-paper-for-fy-ba-bcom-bca.html,BA History Question Paper Pattern,PDF,1101 KB,https://faclibrary.weebly.com/uploads/6/2/3/3/62333815/question_paper_pattern_-_b.a_history.pdf
NEP Sample Papers,nep-sample-paper-for-fy-ba-bcom-bca.html,BA Journalism & Mass Communication Pattern,PDF,826 KB,https://faclibrary.weebly.com/uploads/6/2/3/3/62333815/question_paper_pattern_-_b.a_journalism___b.a._mass_communication.pdf
NEP Sample Papers,nep-sample-paper-for-fy-ba-bcom-bca.html,BA Hindi Question Paper Pattern,PDF,1410 KB,https://faclibrary.weebly.com/uploads/6/2/3/3/62333815/question_paper_pattern-_ba_hindi.pdf
NEP Sample Papers,nep-sample-paper-for-fy-ba-bcom-bca.html,BA Political Science Question Paper Pattern,PDF,1087 KB,https://faclibrary.weebly.com/uploads/6/2/3/3/62333815/question_paper_pattern_-_b.a_political_science.pdf
NEP Sample Papers,nep-sample-paper-for-fy-ba-bcom-bca.html,BCom Question Paper Pattern,PDF,955 KB,https://faclibrary.weebly.com/uploads/6/2/3/3/62333815/question_paper_pattern_-_b.com.pdf
NEP Sample Papers,nep-sample-paper-for-fy-ba-bcom-bca.html,BCA / BSc Computer Science Pattern,PDF,1174 KB,https://faclibrary.weebly.com/uploads/6/2/3/3/62333815/revised_question_paper_pattern_-_b.c.a.___b.sc._computer_science.pdf
FYBA Papers,fyba.html,FYBA October 2015,PDF,4156 KB,https://faclibrary.weebly.com/uploads/6/2/3/3/62333815/fyba_oct_2015.pdf
FYBA Papers,fyba.html,FYBA October 2016,PDF,4167 KB,https://faclibrary.weebly.com/uploads/6/2/3/3/62333815/fyba_2016_oct.pdf
FYBA Papers,fyba.html,FYBA April 2017,PDF,6921 KB,https://faclibrary.weebly.com/uploads/6/2/3/3/62333815/fyba_april_2017.pdf
FYBA Papers,fyba.html,FYBA October 2017,PDF,4985 KB,https://faclibrary.weebly.com/uploads/6/2/3/3/62333815/fyba_oct_2017.pdf
FYBA Papers,fyba.html,FYBA October 2018,PDF,341 KB,https://faclibrary.weebly.com/uploads/6/2/3/3/62333815/fyba_oct_2018.pdf
FYBA Papers,fyba.html,FYBA October 2019,PDF,1789 KB,https://faclibrary.weebly.com/uploads/6/2/3/3/62333815/fyba_oct_2019.compressed.pdf
FYBA Papers,fyba.html,FYBA Semester I January 2021,PDF,824 KB,https://faclibrary.weebly.com/uploads/6/2/3/3/62333815/fyba_sem_1_jan_2021.compressed.pdf
FYBA Papers,fyba.html,FYBA Semester II July 2021,PDF,3648 KB,https://faclibrary.weebly.com/uploads/6/2/3/3/62333815/fyba_sem_ii_july_2021.pdf
FYBA Papers,fyba.html,FYBA Semester II 2022,PDF,1351 KB,https://faclibrary.weebly.com/uploads/6/2/3/3/62333815/fyba_semester_2_2022.compressed.pdf
FYBA Papers,fyba.html,FYBA Semester II 2023,PDF,1531 KB,https://faclibrary.weebly.com/uploads/6/2/3/3/62333815/fyba_sem_2_2023.pdf
FYBA Papers,fyba.html,FYBA April-May 2025,PDF,1088 KB,https://faclibrary.weebly.com/uploads/6/2/3/3/62333815/f.y.b.a._april-may_2025.pdf
FYBCom Papers,fybcom.html,FYBCom October 2015,PDF,4886 KB,https://faclibrary.weebly.com/uploads/6/2/3/3/62333815/fybcom_oct_2015.pdf
FYBCom Papers,fybcom.html,FYBCom October 2016,PDF,4952 KB,https://faclibrary.weebly.com/uploads/6/2/3/3/62333815/fybcom_oct_2016.pdf
FYBCom Papers,fybcom.html,FYBCom October 2017,PDF,3600 KB,https://faclibrary.weebly.com/uploads/6/2/3/3/62333815/fybcom_oct_2017.pdf
FYBCom Papers,fybcom.html,FYBCom Oct-Nov 2018,PDF,6300 KB,https://faclibrary.weebly.com/uploads/6/2/3/3/62333815/fybcom_oct_nov_2018__1_.pdf
FYBCA Papers,fybca.html,FYBCA Semester II 2023,PDF,831 KB,https://faclibrary.weebly.com/uploads/6/2/3/3/62333815/fybca_sem_2_2023.pdf
FYBCA Papers,fybca.html,FYBCA April-May 2025,PDF,288 KB,https://faclibrary.weebly.com/uploads/6/2/3/3/62333815/f.y.b.c.a._april-may_2025.pdf
SYBCom Papers,sybcom.html,SYBCom October 2019,PDF,7837 KB,https://faclibrary.weebly.com/uploads/6/2/3/3/62333815/sybcom__oct_2019.pdf
SYBCom Papers,sybcom.html,SYBCom Semester III January 2022,PDF,923 KB,https://faclibrary.weebly.com/uploads/6/2/3/3/62333815/sybcom_semester_3_jan_2022.pdf
SYBA Papers,syba.html,SYBA October 2018,PDF,1939 KB,https://faclibrary.weebly.com/uploads/6/2/3/3/62333815/syba_oct_2018.pdf
SYBA Papers,syba.html,SYBA October 2019,PDF,2469 KB,https://faclibrary.weebly.com/uploads/6/2/3/3/62333815/syba_oct_2019.pdf
SYBA Papers,syba.html,SYBA April 2017,PDF,5298 KB,https://faclibrary.weebly.com/uploads/6/2/3/3/62333815/syba_april_2017.pdf
SYBA Papers,syba.html,SYBA April-May 2025,PDF,2050 KB,https://faclibrary.weebly.com/uploads/6/2/3/3/62333815/s.y.b.a._april-may_2025.pdf
SYBCA Papers,sybca.html,SYBCA Semester III January 2021,PDF,905 KB,https://faclibrary.weebly.com/uploads/6/2/3/3/62333815/sybca__sem_iii_jan_2021.pdf
SYBCA Papers,sybca.html,SYBCA Semester IV July 2021,PDF,1023 KB,https://faclibrary.weebly.com/uploads/6/2/3/3/62333815/sybca_sem_iv_july_2021.pdf
SYBCA Papers,sybca.html,SYBCA April-May 2025,PDF,679 KB,https://faclibrary.weebly.com/uploads/6/2/3/3/62333815/s.y.b.c.a._april-may_2025.pdf
TYBCom Papers,tybcom.html,TYBCom October 2020,PDF,2650 KB,https://faclibrary.weebly.com/uploads/6/2/3/3/62333815/tybcom_oct_2020..pdf
TYBCom Papers,tybcom.html,TYBCom 2023,PDF,1505 KB,https://faclibrary.weebly.com/uploads/6/2/3/3/62333815/tycom_sem_v_2023.pdf
TYBCom Papers,tybcom.html,TYBCom Semester 5 October 2024,PDF,2621 KB,https://faclibrary.weebly.com/uploads/6/2/3/3/62333815/tybcom_sem_5_oct_2024.pdf
TYBCom Papers,tybcom.html,TYBCom April 2017 Semester 6,PDF,3862 KB,https://faclibrary.weebly.com/uploads/6/2/3/3/62333815/tybcom_april_2017.pdf
TYBCA Projects,tybca-projects.html,BCA Projects,PDF,235 KB,https://faclibrary.weebly.com/uploads/6/2/3/3/62333815/bca_projects.pdf
TYBCA Projects,tybca-projects.html,BCA Project 2023-24,PDF,432 KB,https://faclibrary.weebly.com/uploads/6/2/3/3/62333815/bca_project_2023-24.pdf
TYBCA Projects,tybca-projects.html,TYBCA Projects 2025-26,PDF,117 KB,https://faclibrary.weebly.com/uploads/6/2/3/3/62333815/tybca_projects_2025-26.pdf
TYBCA Projects,tybca-projects.html,TYBCA 2024-25,PDF,306 KB,https://faclibrary.weebly.com/uploads/6/2/3/3/62333815/tybca_2024-25.pdf
PowerPoint,power-point-presentations.html,Food Chains,PPTX,403 KB,https://faclibrary.weebly.com/uploads/6/2/3/3/62333815/food_chains-by_fr._fredrick_rodrigues.pptx
PowerPoint,power-point-presentations.html,Natural Resources,PPTX,384 KB,https://faclibrary.weebly.com/uploads/6/2/3/3/62333815/natural_resources_by_fr._fredrick_rodrigues.pptx
PowerPoint,power-point-presentations.html,Environmental Impact of Mining,PPTX,69 KB,https://faclibrary.weebly.com/uploads/6/2/3/3/62333815/environmental_impact_of_mining_by_fr._fredrick_rodrigues.pptx
PowerPoint,power-point-presentations.html,Deforestation,PPSX,636 KB,https://faclibrary.weebly.com/uploads/6/2/3/3/62333815/deforestation_by_fr._fredrick_rodrigues.ppsx
PowerPoint,power-point-presentations.html,Biodiversity,PPTX,221 KB,https://faclibrary.weebly.com/uploads/6/2/3/3/62333815/biodiversity_by_fr._fredrick_rodrigues.pptx
PowerPoint,power-point-presentations.html,Disaster Management,PPT,98 KB,https://faclibrary.weebly.com/uploads/6/2/3/3/62333815/disaster_management_by_fr._fredrick_rodrigues.ppt
PowerPoint,power-point-presentations.html,Life of Mahatma Gandhi,PPTX,76 KB,https://faclibrary.weebly.com/uploads/6/2/3/3/62333815/life_of_mahatma_gandhi-2_by_fr._fredricks_rodrigues.pptx
PowerPoint,power-point-presentations.html,Water Resources,PPTX,65 KB,https://faclibrary.weebly.com/uploads/6/2/3/3/62333815/water_resources-3.pptx
Lesson Plans,lesson-plans.html,ECO-B-V,DOCX,17 KB,https://faclibrary.weebly.com/uploads/6/2/3/3/62333815/eco-b-v.docx
Lesson Plans,lesson-plans.html,ECO-B-VI,DOCX,18 KB,https://faclibrary.weebly.com/uploads/6/2/3/3/62333815/eco-b-vi.docx
Lesson Plans,lesson-plans.html,SY-B-III,DOCX,17 KB,https://faclibrary.weebly.com/uploads/6/2/3/3/62333815/sy-b-iii.docx
Lesson Plans,lesson-plans.html,BENV-III,DOCX,15 KB,https://faclibrary.weebly.com/uploads/6/2/3/3/62333815/benv-iii.docx
Lesson Plans,lesson-plans.html,BENV-IV,DOCX,20 KB,https://faclibrary.weebly.com/uploads/6/2/3/3/62333815/benv-iv.docx
Lesson Plans,lesson-plans.html,Lesson Plan EM ADV,DOCX,19 KB,https://faclibrary.weebly.com/uploads/6/2/3/3/62333815/lesson_plan_em_adv.docx
Activities,other-activities.html,Librarians Day Celebration,PPTX,3123 KB,https://faclibrary.weebly.com/uploads/6/2/3/3/62333815/librarians_day_celebration_final_edited_1_.pptx
Hindi Resource,hindi-syba-poems.html,Hindi Poem,PDF,4314 KB,https://faclibrary.weebly.com/uploads/6/2/3/3/62333815/hindi_poem.pdf
Konkani Resource,konkani-vinodi-niband.html,Konkani Vinodi Niband,PDF,1744 KB,https://faclibrary.weebly.com/uploads/6/2/3/3/62333815/कोंकणी_विनोदी_निबंद.pdf
